Key,Value,Notes
max_auto_discount_pct,0,Max discount the AI may offer without a human. Dexter to set.
max_auto_quote_gbp,0,Max quote value the AI may issue without a human. Dexter to set.
allow_auto_credit,false,May the AI grant credit terms unaided? Recommend false — always escalate.
standard_trade_discount_pct,,Standard trade discount off RRP.
overall_moq_gbp,,Minimum order value to open/keep an account.
carriage_paid_threshold_gbp,,Order value above which delivery is free.
first_order_terms,proforma,"e.g. proforma first order, 30 days on approved credit thereafter."
velvet_lead_time,,"Lead time for custom velvet, made to order."
velvet_min_qty,,Minimum quantity for a bespoke velvet order.
